type,snr_db,pesq_wb,stoi
noisy,0.02461632778308383,1.0496346950531006,0.7683967749060693
wiener,11.167016756954833,1.3230009078979492,0.7969454331291109
subtract,4.413631111322038,1.0622092485427856,0.7269895826759705
mask_irm,14.269616568349814,3.515789270401001,0.976231388810448
