type,snr_db,pesq_wb,stoi
noisy,0.004234950058162212,1.0491955280303955,0.7637411591900486
wiener,11.446737289428711,1.3496698141098022,0.7958358165137049
subtract,4.168509483337402,1.05902099609375,0.738291829000413
mask_irm,14.33987808227539,3.356498956680298,0.9776331839792858
dnn,10.082907676696777,1.1774623394012451,0.781815108558088
