type,snr_db,pesq_wb,stoi
noisy,0.009667477570474148,1.0298243761062622,0.6849445090039927
denoised,3.484576940536499,1.0607532262802124,0.6395531617489632
