type,snr_db,pesq_wb,stoi
noisy,-0.010874578729271889,1.0500555038452148,0.7549958681780682
wiener,-0.2688812017440796,1.0645627975463867,0.1100609519690021
subtract,4.316913604736328,1.0640907287597656,0.7212106069059853
mask_irm,14.33987808227539,3.356498956680298,0.9776331839792858
