type,snr_db,pesq_wb,stoi
noisy,0.019366571679711342,1.0502718687057495,0.7508550977672757
denoised,4.182926654815674,1.0629924535751343,0.7191691609923093
