type,snr_db,pesq_wb,stoi
noisy,0.06139673665165901,1.050825595855713,0.764691547895268
wiener,-0.2688812017440796,1.0645627975463867,0.1100609519690021
subtract,4.21524715423584,1.0672948360443115,0.7280780409374947
mask_irm,14.33987808227539,3.356498956680298,0.9776331839792858
