type,snr_db,pesq_wb,stoi
noisy,0.05081750825047493,1.0507657527923584,0.749720763676287
wiener,11.446737289428711,1.3496698141098022,0.7958358165137049
subtract,4.457488536834717,1.0704973936080933,0.7250935851036993
mask_irm,14.33987808227539,3.356498956680298,0.9776331839792858
dnn,3.9616525173187256,1.248270034790039,0.6669972937079016
